{"stats":{"minecraft:killed_by":{"liaveres:amdanor_skeleton":8},"minecraft:dropped":{"liaveres:amdanor_skeleton_egg":2,"liaveres:crystallite":1,"liaveres:amdanor_unlocker_key":4,"liaveres:lia_book":1,"liaveres:amdanor_spawner":5,"liaveres:matter_crystal_block":1},"minecraft:custom":{"minecraft:time_since_rest":560141,"minecraft:walk_one_cm":150022,"minecraft:sprint_one_cm":338,"minecraft:damage_taken":2408,"minecraft:damage_absorbed":48,"minecraft:mob_kills":14,"minecraft:drop":14,"minecraft:damage_dealt":149695,"minecraft:fly_one_cm":434956,"minecraft:crouch_one_cm":9929,"minecraft:play_time":775315,"minecraft:deaths":8,"minecraft:sneak_time":5417,"minecraft:jump":229,"minecraft:leave_game":47,"minecraft:time_since_death":560083,"minecraft:total_world_time":1027046,"minecraft:fall_one_cm":2787},"minecraft:picked_up":{"liaveres:matter_crystal_block":1,"liaveres:matter_shard":16,"liaveres:lia_book":1,"minecraft:dirt":1,"liaveres:crystallite":1,"liaveres:amdanor_spawner":5,"liaveres:amdanor_skeleton_egg":2,"liaveres:amdanor_unlocker_key":4},"minecraft:killed":{"liaveres:amdanor_skeleton":14},"minecraft:used":{"minecraft:netherite_sword":100,"minecraft:glass":26,"minecraft:stone_brick_slab":46,"minecraft:mossy_stone_bricks":42,"minecraft:light":17,"minecraft:end_rod":19,"minecraft:writable_book":1,"minecraft:amethyst_block":11,"minecraft:flint_and_steel":7,"minecraft:polished_andesite":156,"minecraft:netherite_axe":4,"minecraft:waxed_oxidized_cut_copper":62,"minecraft:structure_void":68,"minecraft:stone_brick_stairs":152,"minecraft:diamond_axe":2,"minecraft:structure_block":14,"minecraft:mossy_stone_brick_slab":4,"minecraft:polished_andesite_slab":2,"minecraft:stone_bricks":177,"minecraft:cracked_stone_bricks":104,"minecraft:waxed_copper_block":66,"minecraft:chiseled_stone_bricks":25,"minecraft:glow_item_frame":2,"minecraft:respawn_anchor":1,"minecraft:glowstone":20,"minecraft:diamond_sword":3,"minecraft:dirt":7,"minecraft:tnt":1,"liaveres:crystallite":15,"liaveres:matter_crystal_sword":14,"liaveres:amdanor_skeleton_egg":7,"liaveres:amdanor_spawner":66}},"DataVersion":2865}